run,test_set,direction,n,chrf2pp,bleu
zeroshot,bible,en-guz,1994,15.173291238603511,0.09410935146541011
zeroshot,bible,sw-guz,582,14.61448645361772,0.6370225847667177
zeroshot,psa,en-guz,1862,14.948234114348613,1.7413953066148402
zeroshot,psa,sw-guz,1158,14.757829826247129,1.710378460378026
zeroshot,general,en-guz,5159,16.911124153263845,1.378121033664803
zeroshot,general,sw-guz,2874,17.330069672859118,1.431738007008879
stage1_lora_emb,bible,en-guz,1994,41.52823676941806,13.331410545993737
stage1_lora_emb,bible,sw-guz,582,39.77325234636954,12.56386726442474
stage1_lora_emb,psa,en-guz,1862,20.099755630105758,1.9389916528225892
stage1_lora_emb,psa,sw-guz,1158,20.12829420617868,1.7552559106741923
stage1_lora_emb,general,en-guz,5159,33.16035464528555,8.7703315663755
stage1_lora_emb,general,sw-guz,2874,26.53995823748,5.022180406241229
stage1_lora_only,bible,en-guz,1994,56.13790171922501,29.30725209590281
stage1_lora_only,bible,sw-guz,582,50.05198663372621,23.881582048504534
stage1_lora_only,psa,en-guz,1862,24.253427007082415,2.4714778779754294
stage1_lora_only,psa,sw-guz,1158,24.33576551986873,2.3585118439612316
stage1_lora_only,general,en-guz,5159,42.95026230498954,18.96552401622531
stage1_lora_only,general,sw-guz,2874,31.435754349196344,9.135475843460764
stage2_lora_only,bible,en-guz,1994,51.59256190962935,23.746884779916147
stage2_lora_only,bible,sw-guz,582,47.6524524676295,21.019908426946568
stage2_lora_only,psa,en-guz,1862,44.1933739798922,19.82860353371258
stage2_lora_only,psa,sw-guz,1158,42.47818904887469,18.525386680282566
stage2_lora_only,general,en-guz,5159,52.85208379259618,28.410863451134947
stage2_lora_only,general,sw-guz,2874,52.91418621466314,31.178983754011455
stage2_lora_emb,bible,en-guz,1994,43.246847704894556,14.978285296018079
stage2_lora_emb,bible,sw-guz,582,40.86791014386995,13.46517184009748
stage2_lora_emb,psa,en-guz,1862,29.358479610991584,5.004857823546792
stage2_lora_emb,psa,sw-guz,1158,27.789676727176193,4.056836022010511
stage2_lora_emb,general,en-guz,5159,41.59313983811948,14.445083386841535
stage2_lora_emb,general,sw-guz,2874,39.98904171357145,14.204164557080526
mixed_lora_only,bible,en-guz,1994,55.83777938432248,28.94283630540083
mixed_lora_only,bible,sw-guz,582,50.24080159064916,23.759614369955166
mixed_lora_only,psa,en-guz,1862,44.186390196253925,19.60083616503031
mixed_lora_only,psa,sw-guz,1158,42.29546136530572,18.420164407953663
mixed_lora_only,general,en-guz,5159,55.33493819412749,31.379345511808424
mixed_lora_only,general,sw-guz,2874,53.65227942731949,31.73215195718316
mixed_lora_emb,bible,en-guz,1994,42.46910315080688,14.056776399806887
mixed_lora_emb,bible,sw-guz,582,40.41055568064243,13.098295178884834
mixed_lora_emb,psa,en-guz,1862,28.709808226959716,4.670601187482836
mixed_lora_emb,psa,sw-guz,1158,27.109344705736447,3.911746810848716
mixed_lora_emb,general,en-guz,5159,40.99797274475138,13.976985036580807
mixed_lora_emb,general,sw-guz,2874,39.56898545439259,13.984904389471268
psaonly_lora_only,bible,en-guz,1994,24.346950217007095,1.6313147195210687
psaonly_lora_only,bible,sw-guz,582,23.415223653951404,2.2653707283307245
psaonly_lora_only,psa,en-guz,1862,43.59966335524217,19.578495529281057
psaonly_lora_only,psa,sw-guz,1158,41.742206198720936,18.3509473786004
psaonly_lora_only,general,en-guz,5159,36.56374722068554,16.445907228107792
psaonly_lora_only,general,sw-guz,2874,45.673532695528,26.696185143330066
psaonly_lora_emb,bible,en-guz,1994,18.025039533931793,0.6411435907628703
psaonly_lora_emb,bible,sw-guz,582,18.017218359522374,1.1048845245829513
psaonly_lora_emb,psa,en-guz,1862,26.260640435610906,3.809693676541565
psaonly_lora_emb,psa,sw-guz,1158,25.148263767662936,2.8932617625214534
psaonly_lora_emb,general,en-guz,5159,26.200537668654384,5.767245151323189
psaonly_lora_emb,general,sw-guz,2874,31.677515686898612,9.19513684910931
