language,approach,run,domain,n,chrf2pp,bleu
kiswahili,baseline,zeroshot,ALL,985,72.96060549933505,55.14380351846765
kiswahili,baseline,zeroshot,Agriculture,262,73.98420925896167,56.25076968028056
kiswahili,baseline,zeroshot,Health,394,71.02847700397312,52.39340985693221
kiswahili,baseline,zeroshot,Education,152,77.84672856170401,63.23311932439099
kiswahili,baseline,zeroshot,Security,66,75.08864559601419,57.155740560160886
kiswahili,baseline,zeroshot,Governance,111,71.70205567964238,53.310947427062196
kiswahili,combined,combined,ALL,985,74.29992120874347,54.756012431136554
kiswahili,combined,combined,Agriculture,262,75.13720769395346,55.268704751746874
kiswahili,combined,combined,Health,394,73.553513684818,53.55430161380729
kiswahili,combined,combined,Education,152,76.87027166065764,60.936099692779806
kiswahili,combined,combined,Security,66,75.51926019996763,57.36661579279489
kiswahili,combined,combined,Governance,111,72.01007595265179,50.690434931918745
kiswahili,independent,kiswahili,ALL,985,74.20853250673693,54.75901506311416
kiswahili,independent,kiswahili,Agriculture,262,74.93368991018087,55.255926087112904
kiswahili,independent,kiswahili,Health,394,74.01594383723922,54.21780793454401
kiswahili,independent,kiswahili,Education,152,75.34175462616392,58.64787875244712
kiswahili,independent,kiswahili,Security,66,75.69790445560051,57.90190269136955
kiswahili,independent,kiswahili,Governance,111,71.42677589153219,49.974210058613465
somali,baseline,zeroshot,ALL,985,73.48297239275631,52.11879229560231
somali,baseline,zeroshot,Agriculture,262,71.41124083985098,49.82496655684862
somali,baseline,zeroshot,Health,394,71.83801057468064,49.20295167258549
somali,baseline,zeroshot,Education,152,78.52233302233671,59.71791076485816
somali,baseline,zeroshot,Security,66,78.37188264949087,60.47857736218265
somali,baseline,zeroshot,Governance,111,76.4365983270462,56.518070575655386
somali,combined,combined,ALL,985,71.18987624104594,46.12635801217508
somali,combined,combined,Agriculture,262,69.32137433551748,44.05396364414552
somali,combined,combined,Health,394,70.13050654076515,44.738229432736794
somali,combined,combined,Education,152,77.01927753411695,54.94282572914081
somali,combined,combined,Security,66,73.25024036982782,48.604058780661674
somali,combined,combined,Governance,111,72.63110669378065,46.75784065877965
somali,independent,somali,ALL,985,71.10188642727525,45.89052007181142
somali,independent,somali,Agriculture,262,69.12644850133493,43.15688427538891
somali,independent,somali,Health,394,70.25361248979691,44.773944222342614
somali,independent,somali,Education,152,75.78905520155769,53.48074620670692
somali,independent,somali,Security,66,72.9442910109364,48.68999548162986
somali,independent,somali,Governance,111,73.19077648747874,47.98852591140551
dholuo,baseline,zeroshot,ALL,985,60.20062976046716,42.09792020786628
dholuo,baseline,zeroshot,Agriculture,262,64.9343309622086,50.69607990783505
dholuo,baseline,zeroshot,Health,394,56.18623131331435,35.706939314250974
dholuo,baseline,zeroshot,Education,152,61.18711918186563,42.22970003195327
dholuo,baseline,zeroshot,Security,66,59.94856144384787,39.24150612615792
dholuo,baseline,zeroshot,Governance,111,62.083897948712185,39.20468561924907
dholuo,combined,combined,ALL,985,55.99338227150812,33.0655482183855
dholuo,combined,combined,Agriculture,262,52.71659099335726,31.508541605482183
dholuo,combined,combined,Health,394,55.164569059313905,30.922224372421027
dholuo,combined,combined,Education,152,59.60114267490238,39.39448538060533
dholuo,combined,combined,Security,66,59.261370070762624,34.01845496469158
dholuo,combined,combined,Governance,111,61.61535264133144,37.87207009833699
dholuo,independent,dholuo,ALL,985,56.385516936107784,33.670021959617806
dholuo,independent,dholuo,Agriculture,262,53.51714619724996,31.9193822985682
dholuo,independent,dholuo,Health,394,55.247463299205094,31.618448291718284
dholuo,independent,dholuo,Education,152,60.54660030415634,40.67651247941882
dholuo,independent,dholuo,Security,66,58.860334058718735,34.1189243522973
dholuo,independent,dholuo,Governance,111,62.030695368839176,38.24666453825497
