language,run,domain,n,chrf2pp,bleu
kiswahili,zeroshot,ALL,835,72.65243741945127,54.65807643889019
kiswahili,zeroshot,Agriculture,222,73.39710593200775,55.01367077854944
kiswahili,zeroshot,Health,334,70.96735673937232,52.41328482591011
kiswahili,zeroshot,Education,129,77.88195182662902,63.1682467115928
kiswahili,zeroshot,Security,56,75.67749450398422,58.049675876865685
kiswahili,zeroshot,Governance,94,70.48200257397362,51.28638110866914
kiswahili,v3_combined,ALL,835,72.71781026078403,54.740149493162434
kiswahili,v3_combined,Agriculture,222,73.40350993824245,55.01063511352721
kiswahili,v3_combined,Health,334,70.97905033500783,52.46151747824231
kiswahili,v3_combined,Education,129,78.16423435626318,63.43883432756041
kiswahili,v3_combined,Security,56,75.67749450398422,58.049675876865685
kiswahili,v3_combined,Governance,94,70.70892182937067,51.53901628368883
somali,zeroshot,ALL,835,73.68962829599776,52.114754441212874
somali,zeroshot,Agriculture,222,71.29379024227043,49.523430119950156
somali,zeroshot,Health,334,72.12465424979038,49.3543402803073
somali,zeroshot,Education,129,77.97775558395838,58.762354318112955
somali,zeroshot,Security,56,77.82539194795226,59.65460789997969
somali,zeroshot,Governance,94,78.08910728830507,57.90815054795093
somali,v3_combined,ALL,835,73.69052037684604,52.10036985773532
somali,v3_combined,Agriculture,222,71.26238777905581,49.43487822735157
somali,v3_combined,Health,334,72.11716188274237,49.33272361183127
somali,v3_combined,Education,129,78.04334839636464,58.79308751676717
somali,v3_combined,Security,56,77.82539194795226,59.65460789997969
somali,v3_combined,Governance,94,78.13091663410687,57.99683895043861
dholuo,zeroshot,ALL,835,60.10852059027572,41.85683738169354
dholuo,zeroshot,Agriculture,222,65.32249588813903,50.94654532887403
dholuo,zeroshot,Health,334,56.40605667969677,36.069510210615064
dholuo,zeroshot,Education,129,59.94230477754445,40.25031493700608
dholuo,zeroshot,Security,56,57.27999521485043,35.76929800024927
dholuo,zeroshot,Governance,94,62.508942005578795,38.92092678422798
dholuo,v3_combined,ALL,835,60.197090405754636,41.95393901378958
dholuo,v3_combined,Agriculture,222,65.35814581716136,50.95044966175798
dholuo,v3_combined,Health,334,56.384905945162785,36.08073876605243
dholuo,v3_combined,Education,129,60.19846769122144,40.70220827698843
dholuo,v3_combined,Security,56,57.71999431991669,36.1600154146121
dholuo,v3_combined,Governance,94,62.75290930334538,39.15844215291695
