run,bible,psa,general
mixed_lora_emb,41.43982941572466,27.90957646634808,40.283479099571984
mixed_lora_only,53.03929048748582,43.24092578077982,54.49360881072349
psaonly_lora_emb,18.02112894672708,25.70445210163692,28.939026677776496
psaonly_lora_only,23.88108693547925,42.670934776981554,41.11863995810677
stage1_lora_emb,40.6507445578938,20.11402491814222,29.850156441382776
stage1_lora_only,53.09494417647561,24.294596263475572,37.19300832709294
stage2_lora_emb,42.05737892438225,28.57407816908389,40.79109077584546
stage2_lora_only,49.62250718862943,43.33578151438344,52.88313500362966
zeroshot,14.893888846110617,14.85303197029787,17.120596913061483
