loss,grad_norm,learning_rate,epoch,step,eval_loss,eval_bleu,eval_chrf2pp,eval_runtime,eval_samples_per_second,eval_steps_per_second,train_runtime,train_samples_per_second,train_steps_per_second,total_flos,train_loss
1.4050010681152343,0.16175577044487,4.9803719008264464e-05,0.03305785123966942,20,,,,,,,,,,,
1.3441804885864257,0.20086437463760376,4.959710743801653e-05,0.06611570247933884,40,,,,,,,,,,,
1.2688019752502442,0.24208314716815948,4.93904958677686e-05,0.09917355371900827,60,,,,,,,,,,,
1.2307724952697754,0.22060801088809967,4.9183884297520666e-05,0.1322314049586777,80,,,,,,,,,,,
1.1124783515930177,0.21841394901275635,4.897727272727273e-05,0.1652892561983471,100,,,,,,,,,,,
1.0620027542114259,0.25465741753578186,4.8770661157024794e-05,0.19834710743801653,120,,,,,,,,,,,
1.008101749420166,0.2579120993614197,4.856404958677686e-05,0.23140495867768596,140,,,,,,,,,,,
0.8961618423461915,0.22681504487991333,4.835743801652893e-05,0.2644628099173554,160,,,,,,,,,,,
0.9382745742797851,0.22824648022651672,4.8150826446281e-05,0.2975206611570248,180,,,,,,,,,,,
0.8009833335876465,0.26381635665893555,4.7944214876033064e-05,0.3305785123966942,200,,,,,,,,,,,
0.9040030479431153,0.2634958028793335,4.7737603305785125e-05,0.36363636363636365,220,,,,,,,,,,,
0.8452363014221191,0.33186593651771545,4.753099173553719e-05,0.39669421487603307,240,,,,,,,,,,,
0.769933032989502,0.2934134006500244,4.732438016528925e-05,0.4297520661157025,260,,,,,,,,,,,
0.843952751159668,0.308532178401947,4.711776859504132e-05,0.4628099173553719,280,,,,,,,,,,,
0.7826652526855469,0.31928861141204834,4.691115702479339e-05,0.49586776859504134,300,,,,,,,,,,,
0.824000358581543,0.31499993801116943,4.6704545454545455e-05,0.5289256198347108,320,,,,,,,,,,,
0.801641845703125,0.33084309101104736,4.649793388429752e-05,0.5619834710743802,340,,,,,,,,,,,
0.7844422340393067,0.3308614492416382,4.629132231404959e-05,0.5950413223140496,360,,,,,,,,,,,
0.7648238182067871,0.34317517280578613,4.608471074380166e-05,0.628099173553719,380,,,,,,,,,,,
0.7555030345916748,0.3345585763454437,4.5878099173553725e-05,0.6611570247933884,400,,,,,,,,,,,
0.7585282802581788,0.34672120213508606,4.5671487603305785e-05,0.6942148760330579,420,,,,,,,,,,,
0.7544929504394531,0.3829880356788635,4.546487603305785e-05,0.7272727272727273,440,,,,,,,,,,,
0.7356201171875,0.30869340896606445,4.525826446280992e-05,0.7603305785123967,460,,,,,,,,,,,
0.7974811553955078,0.3742963373661041,4.505165289256199e-05,0.7933884297520661,480,,,,,,,,,,,
0.7619389057159424,0.3345794379711151,4.4845041322314055e-05,0.8264462809917356,500,,,,,,,,,,,
0.7419552326202392,0.35982009768486023,4.4638429752066116e-05,0.859504132231405,520,,,,,,,,,,,
0.7066085338592529,0.37092891335487366,4.443181818181818e-05,0.8925619834710744,540,,,,,,,,,,,
0.7182077884674072,0.3532068729400635,4.422520661157025e-05,0.9256198347107438,560,,,,,,,,,,,
0.7484541893005371,0.37047040462493896,4.401859504132231e-05,0.9586776859504132,580,,,,,,,,,,,
0.7034513473510742,0.42715856432914734,4.381198347107438e-05,0.9917355371900827,600,,,,,,,,,,,
,,,1.0,605,0.35967665910720825,59.32605589819545,74.91181862976534,75.3871,21.078,1.326,,,,,
0.7383919715881347,0.37106484174728394,4.3605371900826446e-05,1.024793388429752,620,,,,,,,,,,,
0.6987985134124756,0.4258098304271698,4.3398760330578513e-05,1.0578512396694215,640,,,,,,,,,,,
0.682467269897461,0.36163070797920227,4.319214876033058e-05,1.0909090909090908,660,,,,,,,,,,,
0.7274240016937256,0.5031465291976929,4.298553719008265e-05,1.1239669421487604,680,,,,,,,,,,,
0.7382398128509522,0.40405595302581787,4.2778925619834716e-05,1.1570247933884297,700,,,,,,,,,,,
0.6990584850311279,0.37044990062713623,4.257231404958678e-05,1.1900826446280992,720,,,,,,,,,,,
0.6918125629425049,0.4113895297050476,4.2365702479338844e-05,1.2231404958677685,740,,,,,,,,,,,
0.706703519821167,0.398628294467926,4.215909090909091e-05,1.256198347107438,760,,,,,,,,,,,
0.7064959526062011,0.46287965774536133,4.195247933884298e-05,1.2892561983471074,780,,,,,,,,,,,
0.7086173534393311,0.37596672773361206,4.1745867768595046e-05,1.322314049586777,800,,,,,,,,,,,
0.6848831653594971,0.478452205657959,4.153925619834711e-05,1.3553719008264462,820,,,,,,,,,,,
0.697916316986084,0.4433726370334625,4.1332644628099174e-05,1.3884297520661157,840,,,,,,,,,,,
0.6789025783538818,0.3981311023235321,4.112603305785124e-05,1.421487603305785,860,,,,,,,,,,,
0.6517139911651612,0.4489303231239319,4.091942148760331e-05,1.4545454545454546,880,,,,,,,,,,,
0.6774191856384277,0.42115992307662964,4.071280991735537e-05,1.487603305785124,900,,,,,,,,,,,
0.6869203567504882,0.4454631805419922,4.050619834710744e-05,1.5206611570247934,920,,,,,,,,,,,
0.6518971443176269,0.4400200843811035,4.0299586776859504e-05,1.553719008264463,940,,,,,,,,,,,
0.6237825393676758,0.4781133830547333,4.009297520661157e-05,1.5867768595041323,960,,,,,,,,,,,
0.6823548316955567,0.46645450592041016,3.988636363636364e-05,1.6198347107438016,980,,,,,,,,,,,
0.7282957553863525,0.49843698740005493,3.967975206611571e-05,1.6528925619834711,1000,,,,,,,,,,,
0.6983483314514161,0.4659913182258606,3.9473140495867774e-05,1.6859504132231407,1020,,,,,,,,,,,
0.6395604133605957,0.4552062451839447,3.926652892561984e-05,1.71900826446281,1040,,,,,,,,,,,
0.6588160514831543,0.4975409507751465,3.90599173553719e-05,1.7520661157024793,1060,,,,,,,,,,,
0.673708724975586,0.4841558039188385,3.885330578512397e-05,1.7851239669421488,1080,,,,,,,,,,,
0.6703424453735352,0.4512048363685608,3.864669421487603e-05,1.8181818181818183,1100,,,,,,,,,,,
0.6899250984191895,0.5267843008041382,3.84400826446281e-05,1.8512396694214877,1120,,,,,,,,,,,
0.6723976612091065,0.4163359999656677,3.8233471074380165e-05,1.884297520661157,1140,,,,,,,,,,,
0.6264492988586425,0.5319626331329346,3.802685950413223e-05,1.9173553719008265,1160,,,,,,,,,,,
0.6481942176818848,0.5732961893081665,3.78202479338843e-05,1.950413223140496,1180,,,,,,,,,,,
0.6370568752288819,0.4978126585483551,3.761363636363637e-05,1.9834710743801653,1200,,,,,,,,,,,
,,,2.0,1210,0.32501351833343506,61.17810814910735,76.27374225010747,62.7749,25.313,1.593,,,,,
0.6316902160644531,0.42641502618789673,3.740702479338843e-05,2.0165289256198347,1220,,,,,,,,,,,
0.6483785152435303,0.4647328853607178,3.7200413223140495e-05,2.049586776859504,1240,,,,,,,,,,,
0.6378293037414551,0.5662224292755127,3.699380165289256e-05,2.0826446280991737,1260,,,,,,,,,,,
0.6217771530151367,0.42169952392578125,3.678719008264463e-05,2.115702479338843,1280,,,,,,,,,,,
0.6674251556396484,0.47781839966773987,3.65805785123967e-05,2.1487603305785123,1300,,,,,,,,,,,
0.6444962024688721,0.46855422854423523,3.6373966942148765e-05,2.1818181818181817,1320,,,,,,,,,,,
0.6477680683135987,0.4928642809391022,3.616735537190083e-05,2.2148760330578514,1340,,,,,,,,,,,
0.6156237602233887,0.5253643989562988,3.596074380165289e-05,2.2479338842975207,1360,,,,,,,,,,,
0.6220358371734619,0.4883798360824585,3.575413223140496e-05,2.28099173553719,1380,,,,,,,,,,,
0.6285653114318848,0.49205586314201355,3.554752066115702e-05,2.3140495867768593,1400,,,,,,,,,,,
0.6617423534393311,0.49188098311424255,3.534090909090909e-05,2.347107438016529,1420,,,,,,,,,,,
0.6219390392303467,0.5402928590774536,3.5134297520661156e-05,2.3801652892561984,1440,,,,,,,,,,,
0.6319845676422119,0.5244327187538147,3.4927685950413224e-05,2.4132231404958677,1460,,,,,,,,,,,
0.6223590850830079,0.49703723192214966,3.472107438016529e-05,2.446280991735537,1480,,,,,,,,,,,
0.6281976222991943,0.4909138083457947,3.451446280991736e-05,2.479338842975207,1500,,,,,,,,,,,
0.602082633972168,0.45277318358421326,3.4307851239669426e-05,2.512396694214876,1520,,,,,,,,,,,
0.6503398895263672,0.5212122797966003,3.410123966942149e-05,2.5454545454545454,1540,,,,,,,,,,,
0.6770113468170166,0.6761413216590881,3.3894628099173554e-05,2.5785123966942147,1560,,,,,,,,,,,
0.6194093704223633,0.5313764214515686,3.368801652892562e-05,2.6115702479338845,1580,,,,,,,,,,,
0.6250310897827148,0.5292313694953918,3.348140495867769e-05,2.644628099173554,1600,,,,,,,,,,,
0.6165814399719238,0.5505297780036926,3.3274793388429756e-05,2.677685950413223,1620,,,,,,,,,,,
0.6248757362365722,0.5624263286590576,3.3068181818181824e-05,2.7107438016528924,1640,,,,,,,,,,,
0.6306937217712403,0.4951329827308655,3.2861570247933884e-05,2.7438016528925617,1660,,,,,,,,,,,
0.6489270687103271,0.5123939514160156,3.265495867768595e-05,2.7768595041322315,1680,,,,,,,,,,,
0.6130285739898682,0.5256097316741943,3.244834710743802e-05,2.809917355371901,1700,,,,,,,,,,,
0.66158127784729,0.4718066155910492,3.224173553719008e-05,2.84297520661157,1720,,,,,,,,,,,
0.6420491218566895,0.5299468040466309,3.203512396694215e-05,2.87603305785124,1740,,,,,,,,,,,
0.6492505073547363,0.5986753702163696,3.1828512396694215e-05,2.909090909090909,1760,,,,,,,,,,,
0.6562193393707275,0.5605120062828064,3.162190082644628e-05,2.9421487603305785,1780,,,,,,,,,,,
0.6457228660583496,0.6196842193603516,3.141528925619835e-05,2.975206611570248,1800,,,,,,,,,,,
,,,3.0,1815,0.31168118119239807,61.73283651656898,76.55678617049611,62.0204,25.621,1.612,,,,,
0.5842947959899902,0.5069039463996887,3.120867768595042e-05,3.0082644628099175,1820,,,,,,,,,,,
0.6110433101654053,0.4599645733833313,3.1002066115702484e-05,3.041322314049587,1840,,,,,,,,,,,
0.645597505569458,0.45483407378196716,3.079545454545455e-05,3.074380165289256,1860,,,,,,,,,,,
0.5735061168670654,0.45603135228157043,3.058884297520661e-05,3.1074380165289255,1880,,,,,,,,,,,
0.606087064743042,0.5208871960639954,3.0382231404958676e-05,3.1404958677685952,1900,,,,,,,,,,,
0.6078431129455566,0.5627960562705994,3.0175619834710744e-05,3.1735537190082646,1920,,,,,,,,,,,
0.6192425727844239,0.5621379613876343,2.996900826446281e-05,3.206611570247934,1940,,,,,,,,,,,
0.5867754936218261,0.557685375213623,2.976239669421488e-05,3.239669421487603,1960,,,,,,,,,,,
0.6144813060760498,0.5360236167907715,2.9555785123966946e-05,3.2727272727272725,1980,,,,,,,,,,,
0.6275083541870117,0.5257611274719238,2.934917355371901e-05,3.3057851239669422,2000,,,,,,,,,,,
0.6852961540222168,0.5931253433227539,2.9142561983471078e-05,3.3388429752066116,2020,,,,,,,,,,,
0.6063437938690186,0.5576879382133484,2.8935950413223138e-05,3.371900826446281,2040,,,,,,,,,,,
0.6425819396972656,0.5788410305976868,2.8729338842975206e-05,3.4049586776859506,2060,,,,,,,,,,,
0.5806072235107422,0.559903085231781,2.8522727272727273e-05,3.43801652892562,2080,,,,,,,,,,,
0.5882680416107178,0.6023057699203491,2.831611570247934e-05,3.4710743801652892,2100,,,,,,,,,,,
0.6041812419891357,0.5161771178245544,2.8109504132231408e-05,3.5041322314049586,2120,,,,,,,,,,,
0.581624698638916,0.5452523827552795,2.7902892561983472e-05,3.537190082644628,2140,,,,,,,,,,,
0.6031205177307128,0.6120920777320862,2.769628099173554e-05,3.5702479338842976,2160,,,,,,,,,,,
0.6283305168151856,0.5769917964935303,2.7489669421487607e-05,3.603305785123967,2180,,,,,,,,,,,
0.6609095096588135,0.551866352558136,2.7283057851239667e-05,3.6363636363636362,2200,,,,,,,,,,,
0.5741171360015869,0.48081016540527344,2.7076446280991735e-05,3.669421487603306,2220,,,,,,,,,,,
0.5874252319335938,0.48851531744003296,2.6869834710743802e-05,3.7024793388429753,2240,,,,,,,,,,,
0.6329448699951172,0.6407490968704224,2.666322314049587e-05,3.7355371900826446,2260,,,,,,,,,,,
0.6250683307647705,0.5302889943122864,2.6456611570247937e-05,3.768595041322314,2280,,,,,,,,,,,
0.6014933586120605,0.5832549929618835,2.625e-05,3.8016528925619832,2300,,,,,,,,,,,
0.5721863746643067,0.5242587924003601,2.604338842975207e-05,3.834710743801653,2320,,,,,,,,,,,
0.6024925708770752,0.5182445049285889,2.5836776859504136e-05,3.8677685950413223,2340,,,,,,,,,,,
0.6261685371398926,0.5269110202789307,2.5630165289256197e-05,3.9008264462809916,2360,,,,,,,,,,,
0.5842864036560058,0.5632162690162659,2.5423553719008264e-05,3.9338842975206614,2380,,,,,,,,,,,
0.6188063144683837,0.49772897362709045,2.521694214876033e-05,3.9669421487603307,2400,,,,,,,,,,,
0.6346700668334961,1.0712518692016602,2.50103305785124e-05,4.0,2420,,,,,,,,,,,
,,,4.0,2420,0.3018217384815216,62.49240260181784,77.03734374989895,63.3168,25.096,1.579,,,,,
0.6231458187103271,0.4836357533931732,2.4803719008264463e-05,4.033057851239669,2440,,,,,,,,,,,
0.5931740283966065,0.5121691226959229,2.459710743801653e-05,4.066115702479339,2460,,,,,,,,,,,
0.5813430786132813,0.5272302031517029,2.4390495867768594e-05,4.099173553719008,2480,,,,,,,,,,,
0.5614526271820068,0.5355691909790039,2.4183884297520662e-05,4.132231404958677,2500,,,,,,,,,,,
0.5850107192993164,0.5208481550216675,2.397727272727273e-05,4.1652892561983474,2520,,,,,,,,,,,
0.5853699207305908,0.5559965968132019,2.3770661157024797e-05,4.198347107438017,2540,,,,,,,,,,,
0.5981685161590576,0.5385575890541077,2.356404958677686e-05,4.231404958677686,2560,,,,,,,,,,,
0.5933472633361816,0.6345626711845398,2.3357438016528928e-05,4.264462809917355,2580,,,,,,,,,,,
0.60698561668396,0.6156556010246277,2.3150826446280992e-05,4.297520661157025,2600,,,,,,,,,,,
0.6032078742980957,0.5932610630989075,2.294421487603306e-05,4.330578512396694,2620,,,,,,,,,,,
0.621528959274292,0.549584686756134,2.2737603305785124e-05,4.363636363636363,2640,,,,,,,,,,,
0.6002199649810791,0.5286180377006531,2.253099173553719e-05,4.3966942148760335,2660,,,,,,,,,,,
0.5803573131561279,0.6268731355667114,2.232438016528926e-05,4.429752066115703,2680,,,,,,,,,,,
0.6008340358734131,0.6120474934577942,2.2117768595041326e-05,4.462809917355372,2700,,,,,,,,,,,
0.5837326526641846,0.548871636390686,2.191115702479339e-05,4.4958677685950414,2720,,,,,,,,,,,
0.5940647125244141,0.49657294154167175,2.1704545454545454e-05,4.528925619834711,2740,,,,,,,,,,,
0.5723803520202637,0.4919787645339966,2.149793388429752e-05,4.56198347107438,2760,,,,,,,,,,,
0.5965327739715576,0.6523169875144958,2.129132231404959e-05,4.595041322314049,2780,,,,,,,,,,,
0.647148847579956,0.5208020210266113,2.1084710743801653e-05,4.628099173553719,2800,,,,,,,,,,,
0.5783501625061035,0.5098152160644531,2.087809917355372e-05,4.661157024793388,2820,,,,,,,,,,,
0.5724120616912842,0.5670273900032043,2.0671487603305788e-05,4.694214876033058,2840,,,,,,,,,,,
0.6455816745758056,0.6082531809806824,2.046487603305785e-05,4.7272727272727275,2860,,,,,,,,,,,
0.6040084838867188,0.5506991147994995,2.0258264462809916e-05,4.760330578512397,2880,,,,,,,,,,,
0.5985383033752442,0.5505291819572449,2.0051652892561983e-05,4.793388429752066,2900,,,,,,,,,,,
0.5828826427459717,0.6255377531051636,1.984504132231405e-05,4.8264462809917354,2920,,,,,,,,,,,
0.5952878952026367,0.7000185251235962,1.9638429752066118e-05,4.859504132231405,2940,,,,,,,,,,,
0.6007413387298584,0.6179904341697693,1.9431818181818182e-05,4.892561983471074,2960,,,,,,,,,,,
0.5739212512969971,0.5922135710716248,1.922520661157025e-05,4.925619834710744,2980,,,,,,,,,,,
0.5712749004364014,0.5445108413696289,1.9018595041322317e-05,4.958677685950414,3000,,,,,,,,,,,
0.5567500114440918,0.5693972110748291,1.881198347107438e-05,4.991735537190083,3020,,,,,,,,,,,
,,,5.0,3025,0.2961944341659546,63.31236169389871,77.43110543238973,64.1109,24.785,1.56,,,,,
0.5736917972564697,0.48964396119117737,1.8605371900826445e-05,5.024793388429752,3040,,,,,,,,,,,
0.547495985031128,0.5596848726272583,1.8398760330578512e-05,5.0578512396694215,3060,,,,,,,,,,,
0.5799335479736328,0.5397586226463318,1.819214876033058e-05,5.090909090909091,3080,,,,,,,,,,,
0.5618229866027832,0.5790940523147583,1.7985537190082647e-05,5.12396694214876,3100,,,,,,,,,,,
0.604429817199707,0.5081061124801636,1.777892561983471e-05,5.1570247933884295,3120,,,,,,,,,,,
0.6366263866424561,0.46375828981399536,1.757231404958678e-05,5.190082644628099,3140,,,,,,,,,,,
0.5560190200805664,0.5147904753684998,1.7365702479338843e-05,5.223140495867769,3160,,,,,,,,,,,
0.5768928527832031,0.48127999901771545,1.715909090909091e-05,5.256198347107438,3180,,,,,,,,,,,
0.5707571983337403,0.5637689828872681,1.6952479338842974e-05,5.289256198347108,3200,,,,,,,,,,,
0.5968477725982666,0.5192896723747253,1.674586776859504e-05,5.322314049586777,3220,,,,,,,,,,,
0.5674724102020263,0.5807306170463562,1.653925619834711e-05,5.355371900826446,3240,,,,,,,,,,,
0.6155044078826905,0.634902834892273,1.6332644628099176e-05,5.3884297520661155,3260,,,,,,,,,,,
0.597297477722168,0.6132216453552246,1.612603305785124e-05,5.421487603305785,3280,,,,,,,,,,,
0.5634103298187256,0.5982593894004822,1.5919421487603304e-05,5.454545454545454,3300,,,,,,,,,,,
0.5936731338500977,0.5934489369392395,1.5712809917355372e-05,5.487603305785124,3320,,,,,,,,,,,
0.5552717685699463,0.5912594199180603,1.550619834710744e-05,5.520661157024794,3340,,,,,,,,,,,
0.5971897602081299,0.6490103006362915,1.5299586776859503e-05,5.553719008264463,3360,,,,,,,,,,,
0.5683310985565185,0.5265619158744812,1.509297520661157e-05,5.586776859504132,3380,,,,,,,,,,,
0.6008931159973144,0.6248366832733154,1.4886363636363636e-05,5.619834710743802,3400,,,,,,,,,,,
0.6098885536193848,0.632188081741333,1.4679752066115704e-05,5.652892561983471,3420,,,,,,,,,,,
0.6094912052154541,0.6670817136764526,1.4473140495867768e-05,5.68595041322314,3440,,,,,,,,,,,
0.5932568550109864,0.51088547706604,1.4266528925619835e-05,5.7190082644628095,3460,,,,,,,,,,,
0.5542144775390625,0.5687006115913391,1.4059917355371901e-05,5.75206611570248,3480,,,,,,,,,,,
0.5907816410064697,0.5642109513282776,1.3853305785123968e-05,5.785123966942149,3500,,,,,,,,,,,
0.5748064041137695,0.49556460976600647,1.3646694214876033e-05,5.818181818181818,3520,,,,,,,,,,,
0.5940550327301025,0.5671841502189636,1.34400826446281e-05,5.851239669421488,3540,,,,,,,,,,,
0.5745709896087646,0.5483798384666443,1.3233471074380166e-05,5.884297520661157,3560,,,,,,,,,,,
0.5899765968322754,0.5433250069618225,1.3026859504132233e-05,5.917355371900826,3580,,,,,,,,,,,
0.5957698345184326,0.6026256680488586,1.2820247933884297e-05,5.950413223140496,3600,,,,,,,,,,,
0.583604097366333,0.6996668577194214,1.2613636363636363e-05,5.983471074380166,3620,,,,,,,,,,,
,,,6.0,3630,0.2931685745716095,63.14743886069581,77.41098983964876,64.9773,24.455,1.539,,,,,
0.5740878582000732,0.5670207142829895,1.240702479338843e-05,6.016528925619835,3640,,,,,,,,,,,
0.5578851222991943,0.597400963306427,1.2200413223140496e-05,6.049586776859504,3660,,,,,,,,,,,
0.5854571342468262,0.6807912588119507,1.1993801652892563e-05,6.082644628099174,3680,,,,,,,,,,,
0.5757330417633056,0.5633362531661987,1.1787190082644627e-05,6.115702479338843,3700,,,,,,,,,,,
0.5853806972503662,0.5691911578178406,1.1580578512396695e-05,6.148760330578512,3720,,,,,,,,,,,
0.5935757160186768,0.5445457100868225,1.137396694214876e-05,6.181818181818182,3740,,,,,,,,,,,
0.6047669410705566,0.5853120684623718,1.1167355371900826e-05,6.214876033057851,3760,,,,,,,,,,,
0.5704148769378662,0.587909460067749,1.0960743801652894e-05,6.24793388429752,3780,,,,,,,,,,,
0.5438652038574219,0.5608357787132263,1.075413223140496e-05,6.2809917355371905,3800,,,,,,,,,,,
0.5820401191711426,0.6964170336723328,1.0547520661157025e-05,6.31404958677686,3820,,,,,,,,,,,
0.6007833480834961,0.5413933992385864,1.0340909090909091e-05,6.347107438016529,3840,,,,,,,,,,,
0.577296257019043,0.5201432704925537,1.0134297520661158e-05,6.380165289256198,3860,,,,,,,,,,,
0.5725107192993164,0.6339865326881409,9.927685950413224e-06,6.413223140495868,3880,,,,,,,,,,,
0.6227127075195312,0.6322647333145142,9.72107438016529e-06,6.446280991735537,3900,,,,,,,,,,,
0.5734363079071045,0.538857638835907,9.514462809917356e-06,6.479338842975206,3920,,,,,,,,,,,
0.5932229042053223,0.6377676725387573,9.307851239669423e-06,6.512396694214876,3940,,,,,,,,,,,
0.5681215286254883,0.6015859842300415,9.101239669421489e-06,6.545454545454545,3960,,,,,,,,,,,
0.605471134185791,0.55348801612854,8.894628099173554e-06,6.578512396694215,3980,,,,,,,,,,,
0.575973653793335,0.5951998233795166,8.68801652892562e-06,6.6115702479338845,4000,,,,,,,,,,,
0.5887622356414794,0.6449955701828003,8.481404958677688e-06,6.644628099173554,4020,,,,,,,,,,,
0.5887367248535156,0.5779759883880615,8.274793388429752e-06,6.677685950413223,4040,,,,,,,,,,,
0.5950531482696533,0.6459781527519226,8.068181818181819e-06,6.710743801652892,4060,,,,,,,,,,,
0.5496150970458984,0.6009531617164612,7.861570247933885e-06,6.743801652892562,4080,,,,,,,,,,,
0.5413301467895508,0.6479065418243408,7.654958677685952e-06,6.776859504132231,4100,,,,,,,,,,,
0.5479579448699952,0.5595626831054688,7.448347107438017e-06,6.809917355371901,4120,,,,,,,,,,,
0.54782075881958,0.5715442895889282,7.241735537190084e-06,6.8429752066115705,4140,,,,,,,,,,,
0.5529735565185547,0.5740578174591064,7.035123966942149e-06,6.87603305785124,4160,,,,,,,,,,,
0.5781533718109131,0.5852557420730591,6.828512396694216e-06,6.909090909090909,4180,,,,,,,,,,,
0.6128361701965332,0.6192907691001892,6.621900826446281e-06,6.9421487603305785,4200,,,,,,,,,,,
0.5675782203674317,0.5476308465003967,6.415289256198348e-06,6.975206611570248,4220,,,,,,,,,,,
,,,7.0,4235,0.2908761501312256,63.391324488753895,77.75069408156725,66.6241,23.85,1.501,,,,,
0.5837042331695557,0.6091784834861755,6.208677685950413e-06,7.008264462809917,4240,,,,,,,,,,,
0.5689000606536865,0.5505397319793701,6.00206611570248e-06,7.041322314049586,4260,,,,,,,,,,,
0.5494022369384766,0.5691559910774231,5.795454545454545e-06,7.074380165289257,4280,,,,,,,,,,,
0.5801613807678223,0.7032608985900879,5.588842975206612e-06,7.107438016528926,4300,,,,,,,,,,,
0.5648070335388183,0.6786344647407532,5.382231404958678e-06,7.140495867768595,4320,,,,,,,,,,,
0.5875132560729981,0.6256241798400879,5.175619834710744e-06,7.1735537190082646,4340,,,,,,,,,,,
0.585778284072876,0.6208396553993225,4.96900826446281e-06,7.206611570247934,4360,,,,,,,,,,,
0.575232458114624,0.5800716280937195,4.762396694214876e-06,7.239669421487603,4380,,,,,,,,,,,
0.5469538688659668,0.6583295464515686,4.555785123966942e-06,7.2727272727272725,4400,,,,,,,,,,,
0.5354932308197021,0.5585354566574097,4.349173553719008e-06,7.305785123966942,4420,,,,,,,,,,,
0.6092134952545166,0.6023547649383545,4.142561983471075e-06,7.338842975206612,4440,,,,,,,,,,,
0.6232021808624267,0.5455529689788818,3.93595041322314e-06,7.371900826446281,4460,,,,,,,,,,,
0.5639707565307617,0.665952205657959,3.7293388429752065e-06,7.404958677685951,4480,,,,,,,,,,,
0.6132233619689942,0.6049871444702148,3.5227272727272726e-06,7.43801652892562,4500,,,,,,,,,,,
0.5469765663146973,0.5085713267326355,3.316115702479339e-06,7.471074380165289,4520,,,,,,,,,,,
0.5497397899627685,0.5498232841491699,3.1095041322314054e-06,7.5041322314049586,4540,,,,,,,,,,,
0.5552949905395508,0.5819198489189148,2.9028925619834715e-06,7.537190082644628,4560,,,,,,,,,,,
0.5922974586486817,0.6848027110099792,2.6962809917355373e-06,7.570247933884297,4580,,,,,,,,,,,
0.575065803527832,0.6810384392738342,2.4896694214876034e-06,7.6033057851239665,4600,,,,,,,,,,,
0.5948817253112793,0.5744594931602478,2.2830578512396696e-06,7.636363636363637,4620,,,,,,,,,,,
0.5728885650634765,0.6482255458831787,2.0764462809917357e-06,7.669421487603306,4640,,,,,,,,,,,
0.5299530506134034,0.6511642336845398,1.8698347107438019e-06,7.702479338842975,4660,,,,,,,,,,,
0.5938234806060791,0.5825523138046265,1.663223140495868e-06,7.735537190082645,4680,,,,,,,,,,,
0.6044098854064941,0.7115364074707031,1.456611570247934e-06,7.768595041322314,4700,,,,,,,,,,,
0.5576655864715576,0.5966860055923462,1.25e-06,7.801652892561983,4720,,,,,,,,,,,
0.592472505569458,0.7040269374847412,1.0433884297520663e-06,7.8347107438016526,4740,,,,,,,,,,,
0.5889601230621337,0.5108084678649902,8.367768595041323e-07,7.867768595041323,4760,,,,,,,,,,,
0.5523057460784913,0.5606269240379333,6.301652892561983e-07,7.900826446280992,4780,,,,,,,,,,,
0.6182702064514161,0.5929626822471619,4.2355371900826444e-07,7.933884297520661,4800,,,,,,,,,,,
0.5490078926086426,0.5316660404205322,2.169421487603306e-07,7.966942148760331,4820,,,,,,,,,,,
0.611939811706543,1.2004108428955078,1.0330578512396694e-08,8.0,4840,,,,,,,,,,,
,,,8.0,4840,0.2901756167411804,63.321962315274554,77.64517093902657,67.7543,23.452,1.476,,,,,
,,,8.0,4840,,,,,,,1385.1862,111.685,3.494,2.087663483584512e+16,0.6430053880392027
